<config xmlns:xsi="http://www.w3.org/2001/XMLSchema-instance" xsi:noNamespaceSchemaLocation="urn:magento:framework:Acl/etc/acl.xsd">
    <acl>
        <resources>
            <resource id="Magento_Backend::admin">
                 <resource id="Ced_CsMarketplace::csmarketplace">
                    <resource id="Ced_CsVendorAttribute::view" title="Vendor Attribute Addon" sortOrder="22">
                        <resource id="Ced_CsVendorAttribute::grid" title="Vendor Attribute Addon" sortOrder="22" />
                    </resource>
                </resource>
            </resource>
        </resources>
    </acl>
</config>