<?xml version="1.0"?>
<!--
 *
 * CedCommerce
 *
 * NOTICE OF LICENSE
 *
 * This source file is subject to the End User License Agreement (EULA)
 * that is bundled with this package in the file LICENSE.txt.
 * It is also available through the world-wide-web at this URL:
 * http://cedcommerce.com/license-agreement.txt
 *
 * @category    Ced
 * @package     Ced_CsDeliveryDate
 * @author 		CedCommerce Core Team <connect@cedcommerce.com>
 * @copyright   Copyright CedCommerce (http://cedcommerce.com/)
 * @license     http://cedcommerce.com/license-agreement.txt
 *-->
<config xmlns:xsi="http://www.w3.org/2001/XMLSchema-instance"
        xsi:noNamespaceSchemaLocation="urn:magento:framework:Module/etc/module.xsd">
    <module name="Ced_CsDeliveryDate" setup_version="0.1.0" release_version="0.1.2">
    <sequence>
        <module name="Ced_CsMarketplace"/>
        <module name="Ced_CsMultiShipping"/>
        <module name="Ced_DeliveryDate"/>
        <module name="Ced_CsStorePickup"/>
    </sequence>
    </module>
</config>
