{
    "group_main_table": {
        "column": {
            "group_id": true,
            "owner_customer_id": true,
            "show_contribution_to_guest": true,
            "original_product_id": true,
            "price": true,
            "receiver_name": true,
            "gift_receiver_email": true,
            "gift_msg": true,
            "created_at": true,
            "status": true,
            "group_size": true,
            "start_date": true,
            "end_date": true,
            "is_approve": true
        },
        "constraint": {
            "PRIMARY": true,
            "GROUP_MAIN_TABLE_ORIGINAL_PRD_ID_CAT_PRD_ENTT_ENTT_ID": true,
            "GROUP_MAIN_TABLE_OWNER_CUSTOMER_ID_CUSTOMER_ENTITY_ENTITY_ID": true
        }
    },
    "guest_information": {
        "column": {
            "id": true,
            "groupgift_id": true,
            "guest_name": true,
            "guest_email": true,
            "request_approval": true,
            "quantity": true,
            "pay_status": true,
            "customer_id": true
        },
        "constraint": {
            "PRIMARY": true,
            "GUEST_INFORMATION_GROUPGIFT_ID_GROUP_MAIN_TABLE_GROUP_ID": true
        }
    },
    "group_log": {
        "column": {
            "id": true,
            "group_id": true,
            "member_name": true,
            "joined_on": true,
            "log": true
        },
        "constraint": {
            "PRIMARY": true,
            "GROUP_LOG_GROUP_ID_GROUP_MAIN_TABLE_GROUP_ID": true
        }
    }
}