<?xml version="1.0" encoding="UTF-8"?>
<!--

 CedCommerce

 NOTICE OF LICENSE

 This source file is subject to the End User License Agreement (EULA)
 that is bundled with this package in the file LICENSE.txt.
 It is also available through the world-wide-web at this URL:
 https://cedcommerce.com/license-agreement.txt

 @author    CedCommerce Core Team <connect@cedcommerce.com>
 @copyright Copyright CEDCOMMERCE (https://cedcommerce.com/)
 @license   https://cedcommerce.com/license-agreement.txt

-->
<config xmlns:xsi="http://www.w3.org/2001/XMLSchema-instance" xsi:noNamespaceSchemaLocation="urn:magento:framework/objectManager/etc/config.xsd">
    <preference for="Ced\GroupBuying\Api\MainRepositoryInterface" type="Ced\GroupBuying\Model\MainRepository" />
    <preference for="Ced\GroupBuying\Api\Data\GroupInterface" type="Ced\GroupBuying\Model\Main" />
    <preference for="Ced\GroupBuying\Api\Data\GroupSearchResultsInterface" type="Magento\Framework\Api\SearchResults" />

    <type name="Ced\GroupBuying\Model\Session">
        <arguments>
            <argument name="storage" xsi:type="object">Ced\GroupBuying\Model\Session\Storage</argument>
        </arguments>
    </type>
</config>
