<config xmlns:xsi="http://www.w3.org/2001/XMLSchema-instance" xsi:noNamespaceSchemaLocation="../../../../Magento/Config/etc/system_file.xsd">
<!-- /**
 * CedCommerce
  *
  * NOTICE OF LICENSE
  *
  * This source file is subject to the End User License Agreement (EULA)
  * that is bundled with this package in the file LICENSE.txt.
  * It is also available through the world-wide-web at this URL:
  * http://cedcommerce.com/license-agreement.txt
  *
  * @category    Ced
  * @package     Ced_CsDeliveryDate
  * @author      CedCommerce Core Team <connect@cedcommerce.com >
  * @copyright   Copyright CEDCOMMERCE (http://cedcommerce.com/)
  * @license      http://cedcommerce.com/license-agreement.txt
  */ -->
    <system>
        <section id="ced_csmarketplace"  showInDefault="1">
            <group id="general"  showInDefault="1">
                <field id="csdeliverydate" translate="label" type="select" sortOrder="1" showInDefault="1" showInWebsite="1" showInStore="0">
                    <label>Enable Vendor Delivery Date :</label>
                    <source_model>Magento\Config\Model\Config\Source\Yesno</source_model>
                </field>
            </group>
       </section> 
    </system>
</config>
