<?xml version="1.0"?>
<config xmlns:xsi="http://www.w3.org/2001/XMLSchema-instance"
        xsi:noNamespaceSchemaLocation="urn:magento:framework:ObjectManager/etc/config.xsd">
    <type name="Magento\Checkout\Block\Checkout\LayoutProcessor">
        <plugin name="ced_add_custom_field_checkout_form"
                type="Ced\CsGst\Plugin\Checkout\LayoutProcessor" sortOrder="100"/>
    </type>
    <virtualType name="Magento\Catalog\Ui\DataProvider\Product\Form\Modifier\Pool">
        <arguments>
            <argument name="modifiers" xsi:type="array">
                <item name="tax_class_id" xsi:type="array">
                    <item name="class" xsi:type="string">Ced\CsGst\Ui\DataProvider\Product\Form\Modifier\Attributes</item>
                    <item name="sortOrder" xsi:type="number">1000</item>
                </item>
            </argument>
        </arguments>
    </virtualType>
</config>