<?xml version="1.0"?>
<!--
 * CedCommerce
 *
 * NOTICE OF LICENSE
 *
 * This source file is subject to the End User License Agreement (EULA)
 * that is bundled with this package in the file LICENSE.txt.
 * It is also available through the world-wide-web at this URL:
 * http://cedcommerce.com/license-agreement.txt
 *
 * @category  Ced
 * @package   Ced_CsGst
 * @author    CedCommerce Core Team <connect@cedcommerce.com >
 * @copyright Copyright CEDCOMMERCE (http://cedcommerce.com/)
 * @license      http://cedcommerce.com/license-agreement.txt
 */ -->
<config xmlns:xsi="http://www.w3.org/2001/XMLSchema-instance" xsi:noNamespaceSchemaLocation="urn:magento:framework:Acl/etc/acl.xsd">
    <acl>
        <resources>
            <resource id="Magento_Backend::admin">
                <resource id="Magento_Backend::stores">
                    <resource id="Magento_Backend::stores_settings">
                        <resource id="Magento_Config::config">
                            <resource id="Ced_CsGst::cedcommercegst" title="Cedcommerce GST" translate="title" />
                        </resource>
                    </resource>
                </resource>                 
            </resource>    
        </resources>     
    </acl>
</config>

