<?xml version="1.0"?>
<config xmlns:xsi="http://www.w3.org/2001/XMLSchema-instance"
        xsi:noNamespaceSchemaLocation="urn:magento:framework:DataObject/etc/fieldset.xsd">
    <scope id="global">
        <fieldset id="extra_checkout_address_fields">
            <field name="gstin_number">
                <aspect name="to_order_address" />
                <aspect name="to_customer_address" />
            </field>
        </fieldset>

        <fieldset id="sales_copy_order_billing_address">
            <field name="gstin_number">
                <aspect name="to_order" />
            </field>
        </fieldset>
        <fieldset id="sales_copy_order_shipping_address">
            <field name="gstin_number">
                <aspect name="to_order" />
            </field>
        </fieldset>
        <fieldset id="sales_convert_quote">
            <field name="gstin_number">
                <aspect name="to_order" />
            </field>
        </fieldset>
        <fieldset id="sales_convert_quote_address">
            <field name="gstin_number">
                <aspect name="to_order" />
            </field>
        </fieldset>
    </scope>
</config>