<?xml version="1.0"?>
<!--
 * CedCommerce
 *
 * NOTICE OF LICENSE
 *
 * This source file is subject to the End User License Agreement (EULA)
 * that is bundled with this package in the file LICENSE.txt.
 * It is also available through the world-wide-web at this URL:
 * http://cedcommerce.com/license-agreement.txt
 *
 * @category  Ced
 * @package   Ced_CsGst
 * @author    CedCommerce Core Team <connect@cedcommerce.com>
 * @copyright Copyright CEDCOMMERCE (http://cedcommerce.com/)
 * @license      http://cedcommerce.com/license-agreement.txt
 */ -->
<config xmlns:xsi="http://www.w3.org/2001/XMLSchema-instance" xsi:noNamespaceSchemaLocation="../../../../../lib/internal/Magento/Framework/ObjectManager/etc/config.xsd">
    <virtualType name="Magento\Catalog\Ui\DataProvider\Product\Form\Modifier\Pool">
        <arguments>
            <argument name="modifiers" xsi:type="array">
                <item name="tax_class_id" xsi:type="array">
                    <item name="class" xsi:type="string">Ced\CsGst\Ui\DataProvider\Product\Form\Modifier\Attributes</item>
                    <item name="sortOrder" xsi:type="number">1000</item>
                </item>
            </argument>
        </arguments>
    </virtualType>
</config>
