<?xml version="1.0"?>
<schema xmlns:xsi="http://www.w3.org/2001/XMLSchema-instance"
        xsi:noNamespaceSchemaLocation="urn:magento:framework:Setup/Declaration/Schema/etc/schema.xsd">
    <table name="sales_order_item" resource="sales" engine="innodb" comment="Sales Order Item">
        <column xsi:type="int" name="ced_rpoint" padding="11" comment="Ced Reward Point"/>
    </table>
     <table name="sales_order" resource="sales" engine="innodb" comment="Sales Order">
        <column xsi:type="decimal" name="base_rewardsystem_amount_refunded" scale="4" precision="10" default="0" comment="Base Rewardsystem refunded"/>
        <column xsi:type="decimal" name="rewardsystem_amount_refunded" scale="4" precision="10" default="0" comment="Rewardsystem refunded"/>
        <column xsi:type="decimal" name="base_rewardsystem_amount_invoiced" scale="4" precision="10" default="0" comment="Base Rewardsystem invoiced"/>
        <column xsi:type="decimal" name="rewardsystem_amount_invoiced" scale="4" precision="10" default="0" comment="Rewardsystem invoiced"/>
    </table>
     <table name="sales_invoice" resource="sales" engine="innodb">
        <column xsi:type="int" name="invoiced_point" padding="11" comment="Invoiced Point "/>
    </table>
</schema>