<?xml version="1.0"?>
<!-- /**
 * CedCommerce
  *
  * NOTICE OF LICENSE
  *
  * This source file is subject to the End User License Agreement (EULA)
  * that is bundled with this package in the file LICENSE.txt.
  * It is also available through the world-wide-web at this URL:
  * http://cedcommerce.com/license-agreement.txt
  *
  * @category    Ced
  * @package     Ced_Rewardsystem
  * @author   	 CedCommerce Core Team <connect@cedcommerce.com >
  * @copyright   Copyright CEDCOMMERCE (http://cedcommerce.com/)
  * @license      http://cedcommerce.com/license-agreement.txt
  */ -->
<config xmlns:xsi="http://www.w3.org/2001/XMLSchema-instance" xsi:noNamespaceSchemaLocation="urn:magento:module:Magento_Sales:etc/sales.xsd">
    <section name="quote">
        <group name="totals">
        	<item name="fee" instance="Ced\Rewardsystem\Model\Redeem" sort_order="100"/>
		</group>  
    </section>
     <section name="order_invoice">
	    <group name="totals">
	      <item name="rewarddiscount" instance="Ced\Rewardsystem\Model\Total\Invoice\Discount" sort_order="450"/>
	    </group>
  </section>
  <section name="order_creditmemo">
    <group name="totals">
      <item name="rewarddiscount" instance="Ced\Rewardsystem\Model\Total\CreditMemo\Discount" sort_order="450"/>
    </group>
  </section>
</config>